{
  "dt": "2025-11-21",
  "close": 85895.16,
  "ema50": 104369.29273040681,
  "ema200": 106613.89012358474,
  "vol30": 43.17035797574963,
  "ic_struct": -0.05258524327086674,
  "ic_dir": -0.0003183918448703103
}